{"min": [-0.00010803686745930463], "scale": [1.0803686564031523e-05], "data_min": [10.0], "data_max": [92571.0], "data_range": [92561.0]}