{"min": [-0.5768464803695679, -0.3351437747478485, -80.76261138916016, 0.0, 0.0, -80.76261138916016, 0.0, -0.5593971610069275], "scale": [0.05274856090545654, 0.016863318160176277, 0.08085354417562485, 0.18315018713474274, 0.002785515272989869, 0.08085354417562485, 0.000359453639248386, 0.0008865247946232557], "data_min": [10.935776710510254, 19.874130249023438, 998.8753662109375, 0.0, 0.0, 998.8753662109375, 0.0, 631.0], "data_max": [29.893638610839844, 79.1744384765625, 1011.243408203125, 5.460000038146973, 359.0, 1011.243408203125, 2782.0, 1759.0], "data_range": [18.957862854003906, 59.30030822753906, 12.3680419921875, 5.460000038146973, 359.0, 12.3680419921875, 2782.0, 1128.0]}